turtle,$2y$10$jEZ5X9FKIQJzsUrHdjYwVeUoa1kRLuQYat.5PyzvOZQfVmfez6YFC,2015.10.01.04:06:50,2015.10.01.04:06:50
balls,$2y$10$htypDJBKcnTBBd5v9MPNLeFPvtnL/4c9wWxQDOooXndsvL9P//mIy,2015.10.01.04:08:53,2015.10.01.04:08:53
foo,$2y$10$98HilQPGTRvsaId6t60ld.ijVVayzdHAWWNXRGPm/svHoxmA8Q6vu,2015.10.01.04:09:06,2015.10.01.04:09:06
a,$2y$10$u4UJGDakluVyxOhYnVCecOX9VNOuZQ96sZlsk98Zd4EZ94erV8Tqa,2015.10.01.04:58:27,2015.10.01.08:38:07
b,$2y$10$dxfG5gco9KtfSOiQP7ooFueiOGiFU2lhwSxWrouL1ZzknNd1NGvmK,2015.10.01.05:38:19,2015.10.01.05:38:19
c,$2y$10$Izqlp2kxa3N/zD/Nu7515eKJAIeeQaKxz1NOkfL8/n6XePb8QEnYC,2015.10.01.05:38:33,2015.10.01.05:38:33
d,$2y$10$n1AQ5LP6G4lgb3SjUkVOkuJDj9NGoFtBXF2iGQ7QLW9FuVD.zOsTG,2015.10.01.05:38:53,2015.10.01.05:38:53
e,$2y$10$6fIddjBkvSTeWIHYB33Yke1iqht/fHK1gQ0qpNufpKZlSYI8eu.aS,2015.10.01.05:39:12,2015.10.01.05:39:12
f,$2y$10$MdTEA6IiySD/TsH0KDwuauC74y.nDHL3gLOV2qgDyPfcGRuw/c46a,2015.10.01.05:39:22,2015.10.01.05:39:22
g,$2y$10$89OGTD6LxLgYHcFNkMkAju0tXrDsvMKwKO2ND3160BrTRXNP5x.Cq,2015.10.01.08:38:12,2015.10.01.08:38:12
h,$2y$10$UhE.8OBArAQFZIC0DUVE9OjKBKgHW1SpF7Vb2Bj.FoppSKIZrhCEm,2015.10.01.08:38:49,2015.10.01.08:38:49
i,$2y$10$YUDHAKbYuButoHlKDF.huO.wkSu4Bm6uWwNIED3af.82/0vX2NyK.,2015.10.01.08:39:17,2015.10.01.08:39:17
j,$2y$10$Pd67NI2gKYIZQSpXRlQhSuRxwcGzs1.t4qkoo5fLLrw.OjZ/NcSY2,2015.10.01.08:40:40,2015.10.01.08:40:40
k,$2y$10$QgOA8d28W7Egjlfl8vMvHOA4wUy6PvlH8tbbyDWJzVfqkZBsL9WkG,2015.10.01.08:40:59,2015.10.01.08:40:59
